id,author_id,follower_counts,author_location,author_verified,text,date,likes,is_sensitive,views,place,retweet_counts,reply_counts,vibe,keyword,language
1794877896319967395,1486069441259397125,365407,,True,"BREAKING: After getting booed relentlessly last night, Donald Trump has been caught waving at a non-existent audience. It‚Äôs almost like he‚Äôs trying to stage the moment. Retweet so all Americans see this embarrassing moment.https://t.co/DYUTvjLvQd",2024-05-26 23:46:52+00:00,10413,False,460390,,6045,2404,,Donald Trump,en
1794368296680358126,289865805,197659,"Brooklyn, NY",False,‚ÄúI‚Äôd like to propose that we go tell Donald Trump to go fuck himself‚Äù Someone at the Libertarian convention voiced opposition to Donald Trump speaking.   https://t.co/a1yWyRv1fF,2024-05-25 14:01:54+00:00,6347,False,188295,,1273,107,,Donald Trump,en
1793956193049645342,46302096,464887,United States,True,"Let‚Äôs be clear:

There is no REAL competition between Trump and Biden.

Trump is running on making America great again.

Biden is running on ‚Äúbe afraid of Donald Trump.‚Äù

Trump is running a POSITIVE campaign of hope and restoration.

Biden is running a negative campaign of ‚Äúhate and fear the MAGA Republicans.‚Äù

That‚Äôs why STUPID PEOPLE will vote Biden.

COWARDS will vote Biden.

DEAD PEOPLE will vote Biden.

But people who love the American people‚Ä¶

Love their families‚Ä¶
Love their homes‚Ä¶
Love their neighborhoods‚Ä¶

People who LOVE THEIR BANK ACCOUNTS‚Ä¶

Will be voting for Donald Trump.

The Bronx was the Rubicon.

Trump crossed it.

Biden should just concede right now.",2024-05-24 10:44:21+00:00,8956,False,243388,,2027,1366,,Donald Trump,en
1794900255580000740,1486069441259397125,365407,,True,"BREAKING: A clearly confused Donald Trump, after waving at a crowd that didn‚Äôt exist, is now saluting for Amazing Grace. It‚Äôs beyond clear Donald Trump isn‚Äôt mentally well. Retweet so all Americans see this.  https://t.co/aE2CASASw2",2024-05-27 01:15:43+00:00,6035,False,241809,,2914,725,,Donald Trump,en
1794733317411295550,1486069441259397125,365407,,True,"BREAKING: Ken Burns just delivered the clearest and strongest arguments for why we need to stop Donald Trump in November. Burns has long remained politically neutral, but not this time. The stakes are too high. Retweet so all Americans see. https://t.co/Isx7ojUwz6",2024-05-26 14:12:22+00:00,13338,False,768336,,6135,718,,Donald Trump,en
1794553471208665503,1486069441259397125,365407,,True,BREAKING: Donald Trump just asked for the Libertarian Party‚Äôs vote and the crowd booed him offstage. Retweet so everyone sees this.  https://t.co/AVctqAXvmX,2024-05-26 02:17:43+00:00,15132,False,368287,,7604,1151,,Donald Trump,en
1794558057147502998,819994707061248001,1107794,United States,True,"For someone like Donald Trump who nearly certainly has narcissistic personality disorder, being booed is going to completely consume his soul for days. 

 https://t.co/M4iXYdNlRd",2024-05-26 02:35:56+00:00,13201,False,362236,,2185,535,,Donald Trump,en
1793406062705459320,62957739,647668,Colombia/USA,True,"Donald Trump recibe apoyo masivo de la polic√≠a de Texas. üá∫üá∏ Este hombre es el √∫nico que puede salvar a Estados Unidos del comunismo. ¬øApoyas al Presidente Trump para que regrese al poder este 2024? ¬°Yo, claro que si! https://t.co/15LZIpNLQL",2024-05-22 22:18:19+00:00,10879,False,121271,,2436,215,,Donald Trump,es
1795017096167931970,42670638,401085,"Alexandria, VA",True,"The Democrats have tried so hard to make Donald Trump into the most evil person you can imagine, but those of us who've had the honor of working with him, of knowing Donald Trump, we know he loves America and all of the incredible people in it https://t.co/Dlvs1zpDZt",2024-05-27 09:00:00+00:00,724,False,16378,,211,363,,Donald Trump,en
1794892123298500771,1483596463221264387,43303,"Austin, TX",True,A clearly confused Donald Trump is saluting during Amazing Grace. Why won‚Äôt the media cover his cognitive decline? https://t.co/zuJM3ZRsiz,2024-05-27 00:43:24+00:00,2945,False,107130,,765,618,,Donald Trump,en
1794742725427995052,862718426757779457,61122,"Palm Beach, FL",True,"üö®MAJOR LIBERTARIAN GROUP ENDORSES RIGHTFUL PRESIDENT TRUMP AFTER CONVENTION SPEECH!

""I am voting for Donald Trump. First time ever voting for a Republican,"" @PardonRoss wrote after Trump vowed to pardon Ross Ulbricht.

Another major win for Trump!

Share to make this go viral! https://t.co/j5BmI7Lahq",2024-05-26 14:49:45+00:00,8903,False,151845,,3205,301,,Donald Trump,en
1794865086135521737,1012848315744993280,184458,,True,"Last night, Donald Trump pledged to commute my sentence on day 1, if reelected. Thank you. Thank you. Thank you.

After 11 years in prison, it is hard to express how I feel at this moment. It is thanks to your undying support that I may get a second chance.",2024-05-26 22:55:58+00:00,44222,False,3206804,,6572,2003,,Donald Trump,en
1794773691815113069,1486069441259397125,365407,,True,BREAKING: U.S. Army Veterans are now demolishing Donald Trump for his repulsive comments about Veterans. Retweet so everyone sees this devastating attack on Trump. https://t.co/PkKNiTVDcK,2024-05-26 16:52:48+00:00,8068,False,215793,,4760,368,,Donald Trump,en
1794851350570004665,3103505578,302945,,True,"I agree with Nikki Haley, Donald Trump is unstable, unhinged, and unfit for office. https://t.co/znAPuufiqy",2024-05-26 22:01:23+00:00,2728,False,25375,,682,192,,Donald Trump,en
1794884106431738220,1638262165269368846,163256,"Texas, USA",True,"The left hates that Donald Trump made a special appearance at a NASCAR race today.

Nothing is going to stop this man! üá∫üá∏

#trump2024 https://t.co/szhQ5CTXcy",2024-05-27 00:11:32+00:00,13670,False,131400,,2363,416,,Donald Trump,en
1794537072889340125,819994707061248001,1107794,United States,True,"This might be the most humiliating night of Donald Trump‚Äôs life. 

This is a disaster for his campaign. 

 https://t.co/QXJ5qNREch",2024-05-26 01:12:33+00:00,33039,False,2310890,,6386,1957,,Donald Trump,en
1794893877872312380,862718426757779457,61122,"Palm Beach, FL",True,"The King of NASCAR, Richard Petty, just met The King of New York, Donald Trump.

""You're the best,"" Richard Petty told Trump.

Mayor Eric Adams, you better be taking Diddy's key to NYC and giving it to Rightful President Trump!
https://t.co/UO7xsfrB81",2024-05-27 00:50:22+00:00,1136,False,32892,,306,183,,Donald Trump,en
1793086562118606893,39344374,11202875,"Florida, USA",True,"What's going on here is an absolute farce and anyone in America should be embarrassed at the absolute miscarriage of justice that we're seeing here. This is setting a disastrous precedent for our legal system & for justice in America. 
 https://t.co/5YULMFsblM",2024-05-22 01:08:45+00:00,9167,False,986824,,2327,1684,,Donald Trump,en
1794502739088544062,59862199,30554,,False,"If there's one thing you really have to watch today is this ,Ken Burns calling out Donald Trump https://t.co/fTPmjgv8Oa",2024-05-25 22:56:07+00:00,15163,False,1761867,,6395,421,,Donald Trump,en
1795073949480423454,46302096,464945,United States,True,"Joe Biden just told the military to be stand back and stand by because he will be calling on them to ‚Äúdefend democracy‚Äù in case the 2024 election doesn‚Äôt go his way.

We constantly hear the media talk about Trump not accepting the election results of 2020, but we forget that Biden is actually the one who didn‚Äôt accept the results when he and his co-conspirators committed blatant election fraud with the late-night dumps and fraudulent mail-in votes.

Biden now is telling us that he is the only way democracy can be upheld and that any result that doesn‚Äôt give him a victory is antithetical to democracy.

Who is the true danger to our Republic?",2024-05-27 12:45:55+00:00,1159,False,78775,,461,127,,Joe Biden,en
1794855411964911904,862718426757779457,61123,"Palm Beach, FL",True,"üö®RIGHTFUL PRESIDENT TRUMP HONORS FALLEN HEROES AT NASCAR COCA COLA 600!

Rightful President Trump has made HISTORY as the first President to ever attend this event.

Meanwhile, Joe Biden is vacationing.

Joe Biden doesn't want you to share this! https://t.co/NJ3Nm3DJXS",2024-05-26 22:17:31+00:00,39727,False,491100,,11852,1256,,Joe Biden,en
1795079028593828152,1442238195387678721,85609,"Philadelphia, PA",True,I‚Äôll never forgive Joe Biden and the media for their abhorrent lie that Trump stood over the graves of fallen soldiers and called them ‚Äúlosers‚Äù https://t.co/ccNb3VpVx0,2024-05-27 13:06:06+00:00,255,False,4164,,72,28,,Joe Biden,en
1794381554506252789,32804484,166724,"Cold Spring, NY",True,"Joe Biden just said he was ‚Äúappointed‚Äù to the Naval Academy.

There is no record of this ever happening.

Biden is an embarrassment.

https://t.co/CwsOeXf6qF",2024-05-25 14:54:35+00:00,30176,False,588975,,7540,1547,,Joe Biden,en
1795085149735964747,457984599,2110368,,True,Ask yourself why this doesn't bother Joe Biden. https://t.co/8pQX8uC3cm,2024-05-27 13:30:25+00:00,251,False,10494,,123,25,,Joe Biden,en
1795085103791575504,939091,37990101,"Washington, DC",True,"On Memorial Day, we honor the fallen heroes who served and sacrificed for our freedom and for our future.
 
We must never forget the price that was paid to protect our democracy. https://t.co/a9QV6puYX0",2024-05-27 13:30:14+00:00,3064,False,148672,,725,527,,Joe Biden,en
1794845892295753913,3432209199,81844,"Miami, FL",True,Oh sh*t. Rashida Tlaib straight up calls out Joe Biden for enabling the genocidal government of Israel and tells him ‚Äúwe aren‚Äôt going to forget this in November‚Äù üëÄüëÄüëÄ https://t.co/HLtYXXKEpx,2024-05-26 21:39:42+00:00,23513,False,385306,,7066,267,,Joe Biden,en
1794941655298326893,2846077231,11425,"Florida, USA",False,Liberals as soon as a minority doesn‚Äôt wanna vote for Joe Biden https://t.co/FjzxY0Fp4N,2024-05-27 04:00:13+00:00,12739,False,127559,,1499,52,,Joe Biden,en
1795086792179212795,1137885440768450561,145774,,True,"O Joe Biden precisa tomar uma decis√£o antes das elei√ß√µes: continuar√° apoiando o genoc√≠dio praticado por Israel? O ataque terrorista de ontem em Rafah, em que at√© crian√ßas foram decapitadas, foi a gota d'√°gua. Como ele poder√° pleitear o voto do eleitorado progressista agindo dessa forma? Se ele perder para o Trump ap√≥s n√£o conseguir o apoio dos eleitores de esquerda, ser√° um castigo mais do que merecido.",2024-05-27 13:36:57+00:00,55,False,1588,,12,9,,Joe Biden,pt
1794801393762771376,1638262165269368846,163255,"Texas, USA",True,Joe Biden has been lying for so long even Johnny Carson called him out on his lies. https://t.co/GEMFEnkwb2,2024-05-26 18:42:52+00:00,7016,False,77437,,2661,105,,Joe Biden,en
1795066817116778583,1590243917303365632,30087,United States,True,"Be Honest!

Trump is far better than Joe Biden.
Yes or No? https://t.co/s25QagGHZR",2024-05-27 12:17:34+00:00,199,False,2700,,27,120,,Joe Biden,en
1794851726077653265,862718426757779457,61123,"Palm Beach, FL",True,"üö®TRUMP DOES A PHOTO OP AT THE NASCAR COCA COLA 600!

Rightful President Trump has made HISTORY as the first President to ever attend this event.

Meanwhile, Joe Biden is vacationing. The DNC bought a billboard outside the event.

The DNC doesn't want you to share this! https://t.co/g5w5rcpYJD",2024-05-26 22:02:52+00:00,13648,False,213136,,4368,229,,Joe Biden,en
1795089556376564140,46302096,464945,United States,True,"The Biden/Harris campaign‚Äôs master plan is to keep reminding voters of how much ‚Äúchaos‚Äù Trump caused.

Doesn‚Äôt matter.

I‚Äôm just gonna remember how much inflation Joe Biden caused.

I‚Äôm gonna remember how many illegals Joe Biden forced on us.

I‚Äôm gonna remember how many wars Joe Biden started, and still continues to pay for with my money.

Say whatever you want about Donald Trump.

I only remember how peaceful and prosperous America was when he was president.

Joe and Kamala can shove their gaslighting bullshit back up their asses.",2024-05-27 13:47:56+00:00,130,False,1537,,69,8,,Joe Biden,en
1794874390150365624,32804484,166724,"Cold Spring, NY",True,"President Trump watches and salutes the C-17 flyover at NASCAR.

Not looking at his watch like Joe Biden.

https://t.co/N7Wl8CZjw4",2024-05-26 23:32:56+00:00,13656,False,209100,,1411,406,,Joe Biden,en
1794842782454235141,805532293951606785,1796735,United States,True,"üö® Vladimir Putin just arrived in
Uzbekistan üö® What do you notice about this in comparison to Joe Biden? https://t.co/zQWtDPXZLx",2024-05-26 21:27:20+00:00,3049,False,372908,,441,635,,Joe Biden,en
1794850037262152075,255780148,203081,"ƒ∞stanbul, T√ºrkiye",True,"Allah belanƒ±zƒ± versin! God damn you @netanyahu ,@JoeBiden ,@RishiSunak @EmmanuelMacron #freegaza #freepalesne https://t.co/z8cxn1oHxh",2024-05-26 21:56:10+00:00,10096,False,148643,,4382,515,,Joe Biden,tr
1794922879806738914,862718426757779457,61123,"Palm Beach, FL",True,"üö®TRUMP MAKES HISTORY AS THE FIRST PRESIDENT IN AMERICAN HISTORY TO ATTEND NASCAR COCA COLA 600!

Rightful President Trump honored our fallen heroes and was called ""THE BEST"" by Richard Petty.

Meanwhile, Joe Biden vacationed.

Joe Biden doesn't want you to share this! https://t.co/V0ZUIZyWz0",2024-05-27 02:45:37+00:00,7709,False,103039,,1773,1402,,Joe Biden,en
1794866853304848839,862718426757779457,61123,"Palm Beach, FL",True,"üö®RIGHTFUL PRESIDENT TRUMP TAKES SELFIES WITH CELEBRITIES & FANS WHILE AT NASCAR COCA COLA 600!

Rightful President Trump has made HISTORY as the first President to ever attend this event.

Meanwhile, Joe Biden is vacationing.

Joe Biden doesn't want you to share this! https://t.co/iyoFG9aR2L",2024-05-26 23:02:59+00:00,3878,False,70510,,1141,192,,Joe Biden,en
1794891548125200678,1076661635819937797,124869,,True,üö® The true face of Joe Biden and the Democratic Party https://t.co/s5KD7rka8M,2024-05-27 00:41:07+00:00,2716,False,59040,,1607,51,,Joe Biden,en
